id,first_name,last_name,email,ip_address,phone_number
1,Abbe,Copper,acopper0@vimeo.com,74.138.214.45,757-793-1849
2,Gavan,Brownsell,gbrownsell1@about.com,57.189.102.162,515-665-2281
3,Agace,Schwier,aschwier2@marketwatch.com,132.42.211.11,203-943-4344
4,Kaylyn,Chappell,kchappell3@businessweek.com,81.193.227.218,924-876-7143
5,Harley,Macek,hmacek4@hexun.com,138.194.167.82,978-884-3625
6,Aveline,Cerith,acerith5@state.tx.us,22.254.94.165,937-559-3247
7,Ursala,Mahaddy,umahaddy6@boston.com,106.23.152.215,532-592-8639
8,Rolph,MacCorley,rmaccorley7@sourceforge.net,169.80.0.152,282-874-9017
9,Herc,Mendonca,hmendonca8@hugedomains.com,120.218.143.45,655-363-4522
10,Kris,Buntine,kbuntine9@indiatimes.com,91.131.15.168,708-443-2954
11,Linea,McLay,lmclaya@uiuc.edu,159.139.195.14,410-226-8687
12,Vale,Liepmann,vliepmannb@xing.com,191.91.6.70,739-937-0205
13,Kimberlee,Penner,kpennerc@dailymail.co.uk,150.234.87.75,552-705-1586
14,Caryl,Rubinov,crubinovd@e-recht24.de,138.104.42.119,709-936-1947
15,Arleta,Maciaszczyk,amaciaszczyke@bloglines.com,248.8.66.250,692-655-9977
16,Haleigh,Walewski,hwalewskif@example.com,16.171.175.124,847-649-6358
17,Carlie,Orgel,corgelg@fc2.com,33.12.181.216,919-520-5399
18,Sigrid,Zienkiewicz,szienkiewiczh@ucoz.com,51.233.36.89,274-930-5306
19,Heidi,Ferier,hferieri@mac.com,110.118.250.249,777-981-5351
20,Harley,Swyndley,hswyndleyj@nature.com,76.231.97.147,571-904-6140
21,Gwenette,Beare,gbearek@dailymotion.com,77.97.18.128,932-520-6258
22,Sky,McDonell,smcdonelll@examiner.com,145.94.39.98,315-878-9072
23,Temple,Creser,tcreserm@dmoz.org,63.224.69.249,125-122-1714
24,Clarice,Curwood,ccurwoodn@typepad.com,184.223.202.53,380-764-9066
25,Angelita,Quenell,aquenello@whitehouse.gov,47.70.219.106,463-391-1384
26,Beverie,Dominelli,bdominellip@narod.ru,14.151.174.217,651-311-8088
27,Chad,Braithwaite,cbraithwaiteq@wikipedia.org,141.41.15.55,422-668-2129
28,Reinwald,Marnes,rmarnesr@mac.com,169.21.99.107,758-781-4650
29,Esme,Granham,egranhams@list-manage.com,211.67.55.168,872-997-8094
30,Penny,Walentynowicz,pwalentynowiczt@umn.edu,80.35.38.181,376-264-5106
31,Lonny,Normanville,lnormanvilleu@redcross.org,123.68.99.58,683-491-7801
32,Marsha,LeEstut,mleestutv@histats.com,33.214.173.181,837-146-7591
33,Bryon,Massot,bmassotw@sina.com.cn,61.145.15.16,545-793-7028
34,Ricky,Glidder,rglidderx@phoca.cz,210.38.229.13,216-506-9498
35,Noelyn,Skelington,nskelingtony@com.com,1.38.241.108,710-143-2402
36,Mamie,Barzen,mbarzenz@mail.ru,247.107.43.113,226-957-2311
37,Alisun,Castana,acastana10@imgur.com,245.91.89.166,884-540-7277
38,Ferris,Arnecke,farnecke11@hexun.com,175.154.101.223,240-543-0456
39,Edward,Zeal,ezeal12@loc.gov,136.200.184.187,679-565-6386
40,Luelle,Sebley,lsebley13@hao123.com,16.240.159.14,703-897-1540
41,Emmeline,Motion,emotion14@ebay.co.uk,118.141.108.160,200-462-3335
42,Martina,Candelin,mcandelin15@dion.ne.jp,19.58.85.165,941-222-1741
43,Faber,Newtown,fnewtown16@reuters.com,236.35.209.102,718-440-4214
44,Natasha,McNeil,nmcneil17@globo.com,53.224.170.11,272-361-4825
45,Rosabella,Jaspar,rjaspar18@taobao.com,175.152.237.202,646-178-7521
46,Haskell,Monkman,hmonkman19@dot.gov,244.197.34.34,874-986-1822
47,Katharina,Wagg,kwagg1a@networkadvertising.org,232.188.146.158,457-682-8616
48,Koenraad,Domm,kdomm1b@smugmug.com,167.29.129.82,244-645-8002
49,Bartholomeo,Munroe,bmunroe1c@digg.com,99.55.160.129,556-647-1904
50,Howard,Vickors,hvickors1d@theglobeandmail.com,158.180.142.151,291-139-5505
51,Jyoti,Redmire,jredmire1e@narod.ru,188.120.84.106,199-156-6835
52,Raf,Phillott,rphillott1f@nytimes.com,173.98.168.97,372-501-4016
53,Shepherd,Liddel,sliddel1g@dell.com,238.5.33.153,869-764-7553
54,Clari,Peyntue,cpeyntue1h@bigcartel.com,28.130.202.7,187-142-4821
55,Dorothea,Krysiak,dkrysiak1i@goo.gl,215.151.104.62,748-719-9956
56,Thornton,Campling,tcampling1j@unblog.fr,158.68.241.231,559-755-3838
57,Manon,Simants,msimants1k@freewebs.com,59.56.240.112,524-882-5179
58,Trey,Heinert,theinert1l@wired.com,172.50.45.11,156-758-2367
59,Ali,Boribal,aboribal1m@sciencedaily.com,95.86.224.93,331-318-4150
60,Lara,Tassel,ltassel1n@slate.com,58.126.32.91,524-369-4796
61,Anastasie,Woolf,awoolf1o@geocities.jp,53.70.206.178,513-758-9682
62,Bernadette,Borsnall,bborsnall1p@canalblog.com,130.120.198.156,151-273-3476
63,Boy,Cosstick,bcosstick1q@patch.com,206.104.14.31,869-284-8469
64,Wyatt,Lesslie,wlesslie1r@bravesites.com,17.8.177.49,214-746-6535
65,Hewett,Oxherd,hoxherd1s@pinterest.com,163.20.151.240,969-494-1042
66,Giovanna,Ikin,gikin1t@si.edu,84.141.55.212,618-586-8030
67,Lissy,Spark,lspark1u@thetimes.co.uk,86.46.97.132,412-851-3994
68,Adler,Stockport,astockport1v@examiner.com,127.123.10.108,595-177-1524
69,Jedediah,Doudny,jdoudny1w@slashdot.org,248.33.187.210,846-264-3873
70,Jordan,Poinsett,jpoinsett1x@shinystat.com,248.79.180.59,164-742-1519
71,Billie,Brindle,bbrindle1y@macromedia.com,115.55.169.19,921-972-0893
72,Chet,Tithecott,ctithecott1z@biblegateway.com,53.10.10.248,379-685-2584
73,Cobbie,Challes,cchalles20@woothemes.com,141.68.99.22,685-261-6826
74,Winnie,Maasz,wmaasz21@youtube.com,64.220.101.234,319-791-4634
75,Doyle,Healey,dhealey22@networkadvertising.org,137.126.195.213,492-865-0502
76,Garnette,Loidl,gloidl23@amazon.com,14.125.53.21,689-161-6552
77,Tammy,Rays,trays24@cmu.edu,26.39.169.9,337-270-4088
78,Ashlin,Aslam,aaslam25@networksolutions.com,202.10.36.9,508-164-2826
79,Brynn,O'Daly,bodaly26@samsung.com,35.43.153.181,463-278-8068
80,Catriona,Birtwhistle,cbirtwhistle27@gravatar.com,105.154.124.58,475-825-8470
81,Caddric,Sandell,csandell28@who.int,234.103.188.230,650-847-7007
82,Thain,Bellord,tbellord29@comsenz.com,240.234.202.251,964-960-9310
83,Wadsworth,Fowlie,wfowlie2a@pcworld.com,85.16.143.233,646-426-5220
84,Jayme,Smurfit,jsmurfit2b@dot.gov,236.148.43.50,826-451-1621
85,Lanny,Stode,lstode2c@sbwire.com,204.4.120.32,458-486-4934
86,Wadsworth,Lory,wlory2d@chronoengine.com,56.114.231.46,788-491-2261
87,Cammie,Threadgill,cthreadgill2e@bing.com,234.99.68.12,763-489-9044
88,Brandtr,Yanuk,byanuk2f@com.com,214.103.6.59,162-139-3476
89,Laurence,Laughren,llaughren2g@indiegogo.com,67.70.222.144,681-858-8688
90,Cordey,Stagge,cstagge2h@plala.or.jp,217.102.169.160,407-237-9019
91,Kin,Essam,kessam2i@miibeian.gov.cn,251.110.72.249,166-628-2552
92,Terra,Tong,ttong2j@furl.net,49.32.183.157,112-919-7982
93,Beck,Foggo,bfoggo2k@scientificamerican.com,9.88.140.103,697-615-2565
94,Krisha,Hayth,khayth2l@usnews.com,59.74.156.253,456-871-5057
95,Skipper,Goodie,sgoodie2m@msu.edu,206.40.253.174,455-626-7455
96,Esteban,Inseal,einseal2n@nytimes.com,222.8.125.238,251-805-7624
97,Paulie,Marsy,pmarsy2o@wunderground.com,82.229.27.56,969-710-1425
98,Sally,Sigsworth,ssigsworth2p@topsy.com,104.176.201.67,713-826-4670
99,Seamus,Redihalgh,sredihalgh2q@github.com,195.178.83.193,228-833-1255
100,Aggy,Van der Krui,avanderkrui2r@cargocollective.com,162.28.204.242,809-322-8380
101,Lari,Fleetham,lfleetham2s@abc.net.au,48.218.219.160,315-710-5300
102,Robin,Coughtrey,rcoughtrey2t@sciencedirect.com,97.142.198.244,904-506-9221
103,Enrica,Oldknowe,eoldknowe2u@amazon.com,218.78.196.107,444-765-4852
104,Arte,Herkess,aherkess2v@taobao.com,253.151.27.46,397-474-2195
105,Lindsay,Tolerton,ltolerton2w@nytimes.com,10.159.116.130,790-456-8202
106,Valenka,Aitkenhead,vaitkenhead2x@pbs.org,67.1.1.95,225-967-1054
107,Olag,Cottham,ocottham2y@bloglines.com,240.24.210.207,429-621-9476
108,Ekaterina,Moorhead,emoorhead2z@typepad.com,230.246.34.23,530-370-3832
109,Chiarra,Maud,cmaud30@amazon.com,17.49.81.241,333-360-8145
110,Kala,Iwanowski,kiwanowski31@hubpages.com,146.176.173.130,273-615-4379
111,Giralda,Santi,gsanti32@ihg.com,38.12.81.198,742-560-4725
112,Georgie,Kayne,gkayne33@1688.com,11.122.86.136,687-230-7422
113,Stephannie,Peacop,speacop34@examiner.com,1.2.115.49,926-791-3865
114,Annette,Eilert,aeilert35@dailymail.co.uk,97.228.204.88,118-728-1301
115,Franky,Oattes,foattes36@unicef.org,203.41.224.137,928-666-1792
116,Laryssa,Petrelli,lpetrelli37@cnbc.com,253.234.98.99,816-545-8881
117,Herrick,Linfitt,hlinfitt38@soup.io,222.155.74.100,692-784-9695
118,Carly,Muscroft,cmuscroft39@intel.com,41.52.9.52,628-658-8238
119,Joey,Aynold,jaynold3a@webmd.com,16.12.255.11,364-292-7103
120,Felizio,Jurkiewicz,fjurkiewicz3b@angelfire.com,157.240.247.78,924-545-3262
121,Isador,Eynaud,ieynaud3c@xinhuanet.com,121.129.59.164,592-295-0266
122,Luise,Buttery,lbuttery3d@youtu.be,215.56.45.212,521-771-0410
123,Brook,Morton,bmorton3e@sakura.ne.jp,199.58.137.33,231-360-4903
124,Shannen,Hurdwell,shurdwell3f@columbia.edu,166.201.7.251,264-575-3225
125,Kimball,Gladding,kgladding3g@tmall.com,47.33.77.236,179-709-2950
126,Kale,Rantoul,krantoul3h@taobao.com,72.70.37.227,592-816-4314
127,Corey,Dobrowolski,cdobrowolski3i@shutterfly.com,49.235.194.62,180-279-3507
128,Tamas,MacElharge,tmacelharge3j@archive.org,56.166.17.53,418-931-5493
129,Car,Jakovijevic,cjakovijevic3k@newsvine.com,169.92.68.93,223-892-1304
130,Bobbie,McCreary,bmccreary3l@1und1.de,90.89.244.206,540-914-6860
131,Fae,Flockhart,fflockhart3m@tmall.com,157.53.82.112,568-711-5040
132,Agnola,Sibyllina,asibyllina3n@moonfruit.com,150.72.125.145,421-832-7942
133,Melisa,Crownshaw,mcrownshaw3o@prlog.org,78.230.235.102,576-391-6099
134,Randie,Khoter,rkhoter3p@stanford.edu,155.33.72.221,440-188-1770
135,Lucia,Bass,lbass3q@china.com.cn,249.247.66.251,116-518-2377
136,Scotti,Bootman,sbootman3r@hp.com,240.108.93.245,705-833-2334
137,Jenni,Ramelet,jramelet3s@businessweek.com,162.154.251.135,755-592-5963
138,Lezlie,Phlippi,lphlippi3t@ameblo.jp,96.179.0.242,413-343-0764
139,Tobye,Toye,ttoye3u@xing.com,7.108.170.184,597-696-4901
140,Thadeus,Chalcraft,tchalcraft3v@narod.ru,131.229.50.229,836-252-3698
141,Mahmud,Sherville,msherville3w@walmart.com,83.199.94.245,858-728-9032
142,Gaylor,Clague,gclague3x@tuttocitta.it,119.91.86.139,538-810-5073
143,Jillian,Shankster,jshankster3y@guardian.co.uk,247.9.112.97,636-404-6223
144,Eleni,Tooke,etooke3z@engadget.com,22.236.151.46,957-439-7493
145,Charles,Lammenga,clammenga40@amazon.de,188.255.16.43,413-693-1669
146,Ediva,Manicomb,emanicomb41@dropbox.com,32.227.117.182,125-182-2591
147,Georgine,Sexon,gsexon42@jimdo.com,74.161.64.159,297-231-0613
148,Randene,Trevon,rtrevon43@huffingtonpost.com,180.183.180.62,833-469-4168
149,Natale,Norcliff,nnorcliff44@cdbaby.com,209.66.126.5,617-365-7848
150,Meyer,Edmons,medmons45@reuters.com,87.191.105.44,844-134-9822
151,Reuben,Dougill,rdougill46@sfgate.com,242.57.51.37,731-867-4542
152,Shayla,Pennetta,spennetta47@nhs.uk,154.104.141.13,532-824-4536
153,Gena,Grayston,ggrayston48@sfgate.com,142.30.25.212,704-425-7267
154,Thaddus,Hark,thark49@elegantthemes.com,14.94.50.180,270-818-0681
155,Bevan,Briton,bbriton4a@list-manage.com,201.27.100.6,444-822-9297
156,Deana,Jelleman,djelleman4b@bravesites.com,206.9.214.156,572-476-6315
157,Anatol,Wraighte,awraighte4c@naver.com,225.38.219.12,791-678-6333
158,Leonie,Fearnyough,lfearnyough4d@bloglines.com,70.248.186.16,149-868-5904
159,Myrle,Trubshaw,mtrubshaw4e@narod.ru,248.135.180.71,408-523-3839
160,Micki,Chippindall,mchippindall4f@macromedia.com,213.8.239.185,637-300-2897
161,Mortie,Kopec,mkopec4g@earthlink.net,249.240.115.181,159-607-3815
162,Dimitri,Jameson,djameson4h@noaa.gov,231.169.68.102,769-169-4835
163,Sullivan,Fishley,sfishley4i@nyu.edu,162.186.60.226,734-605-8322
164,Minny,Steere,msteere4j@icio.us,1.234.21.201,143-559-3128
165,Bab,Geroldini,bgeroldini4k@acquirethisname.com,187.243.168.205,106-633-7994
166,Dulcia,Beed,dbeed4l@columbia.edu,253.114.195.18,796-497-4163
167,Corby,Holdin,choldin4m@intel.com,176.4.15.239,270-161-6386
168,Tiffy,Pinock,tpinock4n@seesaa.net,22.95.90.245,357-449-7306
169,Kippar,Gonnard,kgonnard4o@telegraph.co.uk,167.175.178.218,740-222-7953
170,Claudia,Huffey,chuffey4p@epa.gov,131.246.191.143,266-510-7261
171,Jeanne,Skivington,jskivington4q@stumbleupon.com,49.228.84.227,298-755-8575
172,Eduard,Boutcher,eboutcher4r@newsvine.com,92.206.178.188,434-459-2548
173,Sully,MacSporran,smacsporran4s@drupal.org,120.192.64.251,227-488-9664
174,Felicia,Savill,fsavill4t@cbslocal.com,42.145.42.191,584-425-2266
175,Denys,Arnau,darnau4u@xinhuanet.com,146.45.209.30,460-193-1915
176,Flor,Trewhela,ftrewhela4v@sciencedirect.com,1.46.173.81,709-868-6696
177,Kelley,Walklot,kwalklot4w@mashable.com,91.66.217.89,440-335-7936
178,Mitzi,Collisson,mcollisson4x@tinypic.com,246.45.106.80,269-304-7594
179,Lou,Lathleiff,llathleiff4y@google.it,32.42.165.36,541-695-8025
180,Liuka,Oventon,loventon4z@go.com,24.253.146.77,771-713-5619
181,Minnie,Tocque,mtocque50@patch.com,15.53.200.166,531-947-9242
182,Giorgi,Berzins,gberzins51@businessinsider.com,99.116.75.92,123-769-5649
183,Patrizio,Fritschel,pfritschel52@miibeian.gov.cn,253.187.218.249,679-451-9683
184,Henryetta,Sharrem,hsharrem53@google.com.br,15.175.204.235,484-520-9288
185,Karoly,Tebbs,ktebbs54@ox.ac.uk,116.122.252.13,559-247-4976
186,Temp,Grebbin,tgrebbin55@weather.com,153.135.154.54,624-844-1037
187,Rae,Bache,rbache56@etsy.com,243.8.84.143,539-885-8357
188,Cthrine,Lillgard,clillgard57@unesco.org,31.110.138.95,734-208-7333
189,Row,Batcheldor,rbatcheldor58@pcworld.com,92.146.133.155,476-930-9160
190,Ileane,Fawlo,ifawlo59@rambler.ru,143.17.179.251,188-993-7600
191,Nan,Duckitt,nduckitt5a@infoseek.co.jp,44.223.43.177,687-527-9097
192,Lisa,Rowbottom,lrowbottom5b@tripod.com,66.77.68.180,148-124-5424
193,Willie,Billany,wbillany5c@surveymonkey.com,108.212.160.192,130-690-4207
194,Fredric,Squibe,fsquibe5d@ustream.tv,67.123.194.146,274-646-1742
195,Hadlee,Kovnot,hkovnot5e@shop-pro.jp,161.127.78.2,464-205-5675
196,Adelbert,MacManus,amacmanus5f@indiatimes.com,61.222.107.119,929-926-6529
197,Laurella,Norwell,lnorwell5g@squidoo.com,145.135.239.16,806-665-5631
198,Ellswerth,Reiling,ereiling5h@reference.com,69.77.46.146,736-424-1806
199,Ashely,Siviter,asiviter5i@barnesandnoble.com,162.74.145.157,777-159-0654
200,Bobbe,Keady,bkeady5j@livejournal.com,11.83.166.171,159-776-0010
201,Erica,Boot,eboot5k@stumbleupon.com,192.174.27.97,193-863-5706
202,Nissie,Dranfield,ndranfield5l@godaddy.com,98.187.117.141,109-807-4149
203,Pansy,Putnam,pputnam5m@cbc.ca,119.38.87.125,866-264-1261
204,Ursa,Gerok,ugerok5n@oakley.com,86.255.33.49,941-915-0527
205,Shaina,Ridges,sridges5o@infoseek.co.jp,228.201.101.86,219-900-9117
206,Jaye,Beagrie,jbeagrie5p@typepad.com,24.74.46.168,253-230-6278
207,Bobbie,Shilton,bshilton5q@fastcompany.com,67.170.150.45,472-873-0435
208,Oona,Simononsky,osimononsky5r@craigslist.org,71.1.41.242,576-723-4343
209,Linea,Randleson,lrandleson5s@networksolutions.com,145.153.135.153,887-675-2251
210,Norrie,Sancroft,nsancroft5t@constantcontact.com,87.167.216.22,538-359-5357
211,Romeo,Lotwich,rlotwich5u@theguardian.com,156.74.211.152,926-393-0702
212,Rachael,Eyer,reyer5v@wikimedia.org,101.151.190.188,247-423-5950
213,Almira,Allett,aallett5w@auda.org.au,173.95.109.140,677-462-2114
214,Ertha,McCarter,emccarter5x@techcrunch.com,150.167.139.50,172-600-3697
215,Sly,Pluthero,spluthero5y@google.de,72.46.193.27,482-182-4560
216,Reade,Deroche,rderoche5z@skype.com,239.214.64.97,242-803-9506
217,Mame,Dulieu,mdulieu60@aol.com,28.52.233.210,201-482-1722
218,Weber,Kells,wkells61@google.com.hk,232.236.205.91,720-468-1976
219,Jerrie,Reddecliffe,jreddecliffe62@answers.com,232.43.222.108,465-576-4408
220,Jewel,Sunner,jsunner63@joomla.org,10.153.21.43,741-405-0638
221,Merrily,D'Adamo,mdadamo64@amazon.de,147.133.153.117,496-294-0170
222,Rosemarie,Yukhnin,ryukhnin65@nymag.com,143.18.127.207,176-765-7378
223,Grete,Clohisey,gclohisey66@whitehouse.gov,125.136.176.174,450-694-2517
224,Shoshanna,Galgey,sgalgey67@desdev.cn,120.135.74.205,392-311-8988
225,Pru,Alpe,palpe68@bravesites.com,77.112.109.132,493-365-3102
226,Skipp,Kryszka,skryszka69@tumblr.com,234.189.97.134,847-832-0944
227,Lester,Fritche,lfritche6a@bbb.org,91.146.248.88,537-845-2286
228,Jerrylee,Foye,jfoye6b@google.fr,158.171.247.69,213-526-8676
229,Hayley,Martusewicz,hmartusewicz6c@sitemeter.com,206.137.192.181,752-512-8716
230,Vick,Giblett,vgiblett6d@tumblr.com,36.116.103.120,124-458-5763
231,Arlene,Barwise,abarwise6e@berkeley.edu,140.182.61.30,965-207-1243
232,Janeczka,Barkworth,jbarkworth6f@1und1.de,44.28.0.164,878-588-6076
233,Floyd,Glitherow,fglitherow6g@symantec.com,116.170.96.58,513-462-8580
234,Roana,Northam,rnortham6h@google.ru,240.52.205.35,575-319-2227
235,Almeria,Klimpt,aklimpt6i@fda.gov,112.129.80.201,343-217-5049
236,Brenda,Borg,bborg6j@netvibes.com,211.133.39.99,827-450-3598
237,Shena,Stormouth,sstormouth6k@harvard.edu,155.9.64.156,713-754-9799
238,Janie,Shillan,jshillan6l@tiny.cc,251.228.79.191,253-796-8930
239,Ardene,Waumsley,awaumsley6m@cbsnews.com,134.31.55.59,410-687-3279
240,Kerry,Crosby,kcrosby6n@list-manage.com,248.124.164.182,725-135-8094
241,Afton,Briton,abriton6o@bluehost.com,15.65.199.109,815-262-5502
242,Livvyy,Lambourne,llambourne6p@spotify.com,72.62.225.218,364-123-3154
243,Malory,Paterno,mpaterno6q@tmall.com,158.79.8.202,533-628-8860
244,Crysta,Kegley,ckegley6r@boston.com,153.188.239.128,809-840-4595
245,Jacquenette,Thompsett,jthompsett6s@pbs.org,192.241.68.67,589-637-9672
246,Xylia,Stratiff,xstratiff6t@meetup.com,245.38.82.251,564-432-6700
247,Jase,Lincey,jlincey6u@addtoany.com,220.85.239.238,142-921-2943
248,Sherwynd,Jakoubek,sjakoubek6v@gnu.org,223.241.229.224,177-774-1981
249,Torre,Mor,tmor6w@cnbc.com,220.58.30.114,643-692-3136
250,Gideon,Arnout,garnout6x@fotki.com,160.99.98.250,793-574-4661
251,Renado,Bortolazzi,rbortolazzi6y@bloomberg.com,198.63.59.155,830-900-6218
252,Luisa,MacColm,lmaccolm6z@aboutads.info,28.211.25.189,798-594-2890
253,Hagan,Alaway,halaway70@hexun.com,246.244.223.123,329-894-1297
254,Heida,Valerius,hvalerius71@ow.ly,1.223.241.53,974-862-9356
255,Tim,Coult,tcoult72@mediafire.com,62.42.50.8,254-403-6214
256,Harriette,Meeke,hmeeke73@miibeian.gov.cn,47.131.217.96,506-706-2849
257,Orlando,Rigmand,origmand74@skyrock.com,135.205.8.88,568-963-3625
258,Dierdre,Hovie,dhovie75@mozilla.org,61.108.246.81,452-606-2718
259,Kameko,Sommerville,ksommerville76@seattletimes.com,219.252.211.152,165-249-4434
260,Jolie,Petrelli,jpetrelli77@alibaba.com,227.212.125.73,604-268-7261
261,Annelise,Drew,adrew78@jugem.jp,234.86.94.230,273-893-0414
262,Ardith,Hanes,ahanes79@mysql.com,131.76.66.229,833-347-4763
263,Leigha,Freshwater,lfreshwater7a@apple.com,175.66.123.195,918-398-4615
264,Vanni,Rodge,vrodge7b@people.com.cn,125.22.221.55,201-618-0752
265,Carleton,Martusewicz,cmartusewicz7c@google.co.uk,98.158.201.68,410-675-7490
266,Elisa,Benford,ebenford7d@yelp.com,109.221.89.102,268-984-8996
267,Nancee,Speere,nspeere7e@walmart.com,23.206.83.67,220-452-7044
268,Jacki,Cripin,jcripin7f@tinypic.com,242.7.205.133,331-185-1985
269,Krissie,Matisoff,kmatisoff7g@cnbc.com,199.62.18.139,402-830-5234
270,Emmey,Pettifor,epettifor7h@ezinearticles.com,90.2.180.177,749-468-0322
271,Romy,Abys,rabys7i@cargocollective.com,218.81.199.162,705-141-3166
272,Saunderson,Wavell,swavell7j@wikimedia.org,195.177.213.247,664-753-3224
273,Lebbie,Aspinell,laspinell7k@nyu.edu,107.32.253.187,903-513-8704
274,Howey,Gaddie,hgaddie7l@usgs.gov,88.168.138.1,470-589-3839
275,Mikol,Samwell,msamwell7m@yolasite.com,11.174.143.70,523-133-5453
276,Abey,Kremer,akremer7n@springer.com,217.71.4.60,221-515-2365
277,Fidel,Stilgo,fstilgo7o@ca.gov,6.82.37.237,142-418-9317
278,Humberto,Salle,hsalle7p@hugedomains.com,221.63.70.165,936-960-1196
279,Tobiah,Elia,telia7q@vkontakte.ru,110.41.69.39,817-432-8394
280,Hieronymus,Screeton,hscreeton7r@shutterfly.com,66.255.243.190,717-851-7076
281,Michail,Shipsey,mshipsey7s@surveymonkey.com,30.223.146.137,242-454-0346
282,Cindi,Downgate,cdowngate7t@mac.com,184.161.203.219,720-861-0568
283,Leon,Kilfoyle,lkilfoyle7u@imgur.com,231.225.158.194,550-781-2563
284,Lynda,Varley,lvarley7v@yellowbook.com,8.81.138.99,117-301-7453
285,Ettore,Scyner,escyner7w@sohu.com,24.229.195.188,310-842-3992
286,Nathaniel,Collop,ncollop7x@wikipedia.org,125.58.194.78,515-755-0996
287,Minda,O' Meara,momeara7y@topsy.com,220.52.61.199,740-843-1076
288,Tamera,Lurcock,tlurcock7z@photobucket.com,117.82.115.20,774-680-0451
289,Lanita,Partener,lpartener80@sciencedirect.com,135.231.63.55,610-784-4936
290,Dennison,Lickess,dlickess81@prweb.com,162.65.235.61,913-971-0520
291,Ezmeralda,Ingarfill,eingarfill82@uiuc.edu,134.80.96.11,656-353-6509
292,Rusty,Humphrys,rhumphrys83@barnesandnoble.com,17.132.62.207,291-128-0791
293,Selma,Charlton,scharlton84@apache.org,112.29.169.152,314-459-1681
294,Gothart,Coalbran,gcoalbran85@moonfruit.com,192.76.116.20,330-953-4492
295,Thomasina,Lufkin,tlufkin86@adobe.com,48.104.174.200,466-188-2174
296,Jess,Halloran,jhalloran87@bandcamp.com,166.115.94.229,313-817-2492
297,Aarika,McKmurrie,amckmurrie88@nyu.edu,28.215.182.169,532-761-1770
298,Maureene,Sorro,msorro89@networkadvertising.org,11.51.28.113,948-216-7742
299,Crystal,Stubbings,cstubbings8a@etsy.com,219.4.29.138,909-580-8151
300,Bart,Bewshire,bbewshire8b@linkedin.com,103.16.155.29,378-270-9131
301,Brana,Deek,bdeek8c@cbc.ca,161.84.72.3,311-200-9410
302,Chelsea,Florence,cflorence8d@mac.com,233.164.118.176,273-906-3561
303,Jervis,Kadar,jkadar8e@scribd.com,99.123.56.55,176-740-7458
304,Thadeus,Simoncello,tsimoncello8f@chron.com,9.217.201.163,114-664-6469
305,Jayme,Heinish,jheinish8g@gizmodo.com,93.249.17.134,240-601-5263
306,Bourke,Tucker,btucker8h@mail.ru,213.109.75.136,723-399-9303
307,Domini,Rey,drey8i@ezinearticles.com,244.202.48.235,918-155-7839
308,Horten,Domenici,hdomenici8j@vkontakte.ru,176.224.18.106,157-279-4948
309,Minnie,Ellsbury,mellsbury8k@mac.com,248.51.169.72,568-174-9644
310,Moore,Kinver,mkinver8l@jugem.jp,88.49.93.230,353-376-6217
311,Norbert,Goody,ngoody8m@pagesperso-orange.fr,95.180.67.91,456-174-0854
312,Dory,Goldson,dgoldson8n@vinaora.com,247.145.178.156,872-548-5217
313,Mari,Najera,mnajera8o@smugmug.com,180.198.5.176,602-452-3939
314,Sal,Palfreman,spalfreman8p@state.gov,16.88.23.42,485-109-3998
315,Alyssa,Barnes,abarnes8q@desdev.cn,140.3.80.217,734-558-5072
316,Grace,Gyenes,ggyenes8r@aboutads.info,18.76.154.68,949-405-0270
317,Jasmine,Wrintmore,jwrintmore8s@pinterest.com,30.172.62.168,840-369-7080
318,Brennen,Hutten,bhutten8t@techcrunch.com,228.111.76.46,554-376-4786
319,Marielle,Yggo,myggo8u@google.fr,194.145.90.153,943-203-9749
320,Fleur,Luter,fluter8v@hc360.com,86.232.13.247,384-210-4426
321,Heather,Ismay,hismay8w@macromedia.com,129.28.174.186,696-764-1749
322,Hillie,Cisco,hcisco8x@seesaa.net,177.97.211.26,139-349-4756
323,Gelya,McCallister,gmccallister8y@google.com.br,58.112.179.115,862-944-0718
324,Joelle,Mingaye,jmingaye8z@umn.edu,47.59.133.140,887-353-8207
325,Rabbi,Skittrell,rskittrell90@people.com.cn,66.117.35.230,231-291-6509
326,Cory,Leppo,cleppo91@weibo.com,134.165.159.20,524-972-8264
327,Georg,Ebenezer,gebenezer92@oracle.com,152.123.120.8,735-789-4029
328,Corney,Eyeington,ceyeington93@smh.com.au,157.131.239.179,127-563-5939
329,Vere,Penrith,vpenrith94@sciencedirect.com,14.219.23.76,303-318-4535
330,Obadias,O'Currigan,oocurrigan95@ustream.tv,176.146.94.81,170-856-2709
331,Parry,Allcoat,pallcoat96@nifty.com,5.152.77.201,773-127-6979
332,Drake,Romer,dromer97@slate.com,58.235.137.228,810-238-4818
333,Erasmus,Simco,esimco98@google.es,89.61.25.80,373-524-9465
334,Rebeca,Castrillo,rcastrillo99@ihg.com,214.14.105.226,343-269-8664
335,Rhetta,Westmarland,rwestmarland9a@github.io,119.145.208.2,405-898-5958
336,Marion,Isaq,misaq9b@yahoo.co.jp,54.162.150.67,604-285-8466
337,Frederigo,Grandin,fgrandin9c@abc.net.au,71.188.29.54,629-651-4484
338,Sheilakathryn,Sanja,ssanja9d@dmoz.org,66.167.189.86,972-708-8980
339,Gare,Freemantle,gfreemantle9e@wsj.com,180.147.155.28,743-239-5262
340,Boris,Lighten,blighten9f@wikispaces.com,69.219.155.9,282-260-3033
341,Vina,Dods,vdods9g@ovh.net,56.167.127.124,930-596-9592
342,Ian,Batte,ibatte9h@who.int,21.8.13.2,524-442-3071
343,Hallie,St Angel,hstangel9i@noaa.gov,34.23.61.195,933-607-7318
344,Monte,Challice,mchallice9j@rambler.ru,149.146.161.140,575-492-0575
345,Brigg,Hearnah,bhearnah9k@soup.io,139.235.213.76,599-915-8053
346,Laurena,McGeown,lmcgeown9l@bbc.co.uk,213.89.228.118,370-338-6282
347,Efrem,O'Luby,eoluby9m@java.com,35.203.59.56,995-972-9247
348,Ashlie,Gaunson,agaunson9n@cmu.edu,63.34.248.212,912-812-5746
349,Judah,Tribbeck,jtribbeck9o@umn.edu,135.10.137.215,149-514-2084
350,Elisabeth,Redwing,eredwing9p@reuters.com,175.53.169.235,713-789-7219
351,Ruy,Crosskell,rcrosskell9q@wufoo.com,59.73.116.144,140-753-1508
352,Marissa,Michelet,mmichelet9r@storify.com,245.81.83.121,556-108-2750
353,Yorgos,Hinstridge,yhinstridge9s@princeton.edu,81.194.125.21,568-353-2361
354,Guillermo,Follin,gfollin9t@hhs.gov,18.82.156.36,204-858-5771
355,Randell,Wynter,rwynter9u@smugmug.com,29.188.134.238,840-783-3928
356,Quincy,Balaam,qbalaam9v@examiner.com,80.57.245.55,552-313-8280
357,Elias,Adamski,eadamski9w@dailymotion.com,63.235.48.213,893-128-3592
358,Eulalie,Bonson,ebonson9x@google.cn,95.160.95.137,110-378-3520
359,Cello,Hartopp,chartopp9y@qq.com,114.96.42.15,554-362-2538
360,Shana,Rougier,srougier9z@tinypic.com,136.37.210.139,687-901-7474
361,Rustie,Calton,rcaltona0@howstuffworks.com,29.87.97.246,912-403-0284
362,Abramo,Lunt,alunta1@mit.edu,0.234.2.75,916-583-2111
363,Barron,Scarce,bscarcea2@auda.org.au,196.206.91.221,507-285-9295
364,Welch,Dahler,wdahlera3@usgs.gov,73.138.189.215,841-416-3698
365,Carlota,Haig,chaiga4@ftc.gov,152.255.107.201,311-494-1921
366,Alvin,McKinlay,amckinlaya5@phpbb.com,153.116.55.180,432-700-5681
367,Elga,Pont,eponta6@tumblr.com,109.176.184.108,175-161-6271
368,Jerri,Mellody,jmellodya7@dropbox.com,1.223.250.216,643-221-0191
369,Walker,Mattimoe,wmattimoea8@ovh.net,68.5.32.237,377-749-7731
370,Torre,Fenkel,tfenkela9@deviantart.com,181.5.4.38,156-404-4959
371,Delbert,Killiner,dkillineraa@eepurl.com,123.123.214.255,421-203-1481
372,Jedidiah,Parkeson,jparkesonab@naver.com,252.160.185.169,612-956-1470
373,Earle,Caesar,ecaesarac@ebay.com,157.37.190.74,812-523-8430
374,Der,Spicer,dspicerad@so-net.ne.jp,57.223.99.193,740-433-0708
375,Parsifal,Petters,ppettersae@moonfruit.com,38.91.108.189,590-791-4646
376,Victoria,Rushsorth,vrushsorthaf@fema.gov,206.242.13.69,871-886-1356
377,Kessiah,Dominelli,kdominelliag@ed.gov,18.26.22.98,268-283-2614
378,Hilario,Scarratt,hscarrattah@google.com.hk,193.48.205.51,305-518-6143
379,Roderich,Foxton,rfoxtonai@hostgator.com,216.49.114.184,951-226-4065
380,Miran,Wilman,mwilmanaj@studiopress.com,207.131.32.86,392-374-8024
381,Agustin,Birchenough,abirchenoughak@seattletimes.com,206.0.170.99,482-215-6556
382,Lu,Herley,lherleyal@aboutads.info,141.182.0.128,143-901-8665
383,Susann,Mattaser,smattaseram@sfgate.com,35.233.85.202,184-156-2307
384,Golda,Marin,gmarinan@java.com,53.106.166.146,663-406-9943
385,Georgi,Pollen,gpollenao@accuweather.com,221.89.254.221,639-697-8273
386,Emanuel,Fermin,eferminap@comcast.net,145.118.22.151,141-432-6240
387,Rikki,Zettoi,rzettoiaq@timesonline.co.uk,225.50.109.20,958-742-5291
388,Rudolfo,Burbridge,rburbridgear@bbc.co.uk,133.171.24.46,630-440-7759
389,Sharl,Donegan,sdoneganas@feedburner.com,171.70.99.3,541-157-8071
390,Odella,Milnes,omilnesat@drupal.org,231.56.144.144,555-825-8738
391,Fedora,McMurty,fmcmurtyau@privacy.gov.au,21.138.20.124,650-135-2215
392,Jereme,Dargan,jdarganav@uol.com.br,108.135.34.251,765-318-2764
393,Jobyna,Farnie,jfarnieaw@epa.gov,159.189.233.248,685-253-8609
394,Valentino,Pothecary,vpothecaryax@parallels.com,51.232.57.38,988-948-8381
395,Everett,Deniske,edeniskeay@ucoz.ru,239.156.135.81,861-121-5322
396,Halsy,Lissemore,hlissemoreaz@seattletimes.com,204.96.223.90,397-298-9083
397,Forrester,Cranidge,fcranidgeb0@ebay.co.uk,49.106.238.250,191-172-0574
398,Lew,Vreiberg,lvreibergb1@cdbaby.com,237.236.184.108,340-306-7301
399,Spence,Hinz,shinzb2@constantcontact.com,71.9.212.231,473-129-9244
400,Hershel,Coraini,hcorainib3@unesco.org,146.1.75.44,844-291-7277
401,Ole,Vasic,ovasicb4@howstuffworks.com,31.45.48.1,766-849-8691
402,Weber,Poure,wpoureb5@seesaa.net,33.225.89.233,241-627-1568
403,Tiphani,Teresa,tteresab6@histats.com,158.44.212.255,951-158-9667
404,Aksel,Cicullo,acicullob7@nih.gov,158.164.28.129,933-626-1505
405,Land,Chugg,lchuggb8@blog.com,24.244.157.54,836-840-4732
406,Rhoda,Branca,rbrancab9@qq.com,167.167.160.41,182-364-6540
407,Jo-anne,Weatherhill,jweatherhillba@ihg.com,105.81.47.42,893-600-8460
408,Blondie,Arnau,barnaubb@360.cn,122.215.172.11,803-448-6746
409,Cookie,Eubank,ceubankbc@surveymonkey.com,99.134.253.209,198-391-3532
410,Giacomo,Wrangle,gwranglebd@businessinsider.com,99.162.149.77,868-747-6594
411,Wiatt,Francklyn,wfrancklynbe@jimdo.com,57.121.130.240,802-352-8271
412,Lanni,McGaugie,lmcgaugiebf@cmu.edu,42.136.29.152,615-626-8148
413,Vivianne,Sherrock,vsherrockbg@yellowpages.com,150.213.121.154,712-133-8342
414,Cleo,Cammis,ccammisbh@hugedomains.com,96.57.96.119,301-909-4771
415,Caren,Rintoul,crintoulbi@google.com.hk,48.120.77.46,262-876-9904
416,Friederike,Silverwood,fsilverwoodbj@upenn.edu,164.153.34.81,329-153-9873
417,Claudell,Piscopiello,cpiscopiellobk@businesswire.com,117.49.227.64,509-142-6382
418,Row,Gianullo,rgianullobl@umich.edu,1.213.103.36,723-364-6712
419,Rodrick,Wheelwright,rwheelwrightbm@tiny.cc,62.4.222.170,402-529-3208
420,Nikolaus,Clancey,nclanceybn@bbb.org,153.90.130.133,597-350-9926
421,Sammie,MacGuffie,smacguffiebo@imageshack.us,188.7.51.181,244-975-1780
422,Edan,O'Fallowne,eofallownebp@over-blog.com,232.116.108.11,337-843-8479
423,Tabbi,Mattaser,tmattaserbq@cnbc.com,126.159.56.73,801-281-2840
424,Elyse,Blinkhorn,eblinkhornbr@icio.us,197.241.180.71,143-625-1463
425,Bradney,Mableson,bmablesonbs@histats.com,235.176.67.40,940-751-0820
426,Corina,Phillpot,cphillpotbt@wsj.com,98.59.206.65,722-157-6235
427,Kliment,Eneas,keneasbu@livejournal.com,78.91.204.175,863-734-2931
428,Burt,Tenbrug,btenbrugbv@ow.ly,169.77.200.114,320-348-0892
429,Davida,Veelers,dveelersbw@addthis.com,150.63.115.31,436-649-4866
430,Daren,Honatsch,dhonatschbx@4shared.com,127.135.225.154,290-146-3201
431,Jeni,Felder,jfelderby@nba.com,205.235.122.202,937-840-1315
432,Blythe,Conquer,bconquerbz@infoseek.co.jp,76.40.181.153,599-755-1381
433,Jecho,Meeny,jmeenyc0@msn.com,137.189.100.230,639-722-4803
434,Rafaelita,Tidey,rtideyc1@studiopress.com,0.1.96.32,464-700-1255
435,Bernie,Engledow,bengledowc2@slate.com,175.84.235.2,275-314-1201
436,Graham,Ornillos,gornillosc3@mail.ru,217.196.254.186,518-974-6501
437,Tabbi,Gildroy,tgildroyc4@twitter.com,247.131.138.62,207-177-8334
438,Derward,Gyorffy,dgyorffyc5@t-online.de,57.72.148.200,411-740-9624
439,Iorgo,Audas,iaudasc6@reference.com,55.223.188.87,599-517-0301
440,Chet,Fallowfield,cfallowfieldc7@sfgate.com,33.229.133.66,985-749-9430
441,Neely,Ruos,nruosc8@vkontakte.ru,129.240.165.79,429-480-6539
442,Reeba,Rawsen,rrawsenc9@slideshare.net,229.155.184.124,518-502-8371
443,Virgina,Livezley,vlivezleyca@joomla.org,114.24.75.152,219-817-9930
444,Flinn,Theodore,ftheodorecb@chronoengine.com,211.73.46.103,443-778-5931
445,Issiah,Hutcheons,ihutcheonscc@surveymonkey.com,158.23.115.24,364-317-1701
446,Tabbitha,Cleminshaw,tcleminshawcd@netscape.com,124.162.93.209,196-181-9811
447,Webster,Pinshon,wpinshonce@fc2.com,45.119.97.153,227-186-3616
448,Kaitlin,Tookill,ktookillcf@icio.us,237.232.140.15,812-831-5447
449,Barnard,Snufflebottom,bsnufflebottomcg@is.gd,184.28.215.90,605-272-4466
450,Kerrill,Giroldi,kgiroldich@opera.com,49.225.1.101,731-343-3111
451,Osborn,Kelshaw,okelshawci@netlog.com,101.144.206.220,756-591-7186
452,Terry,Kitchingman,tkitchingmancj@cisco.com,139.220.114.146,913-644-1059
453,Lonny,Bernardt,lbernardtck@cnet.com,166.168.100.142,501-208-5006
454,Conway,McGow,cmcgowcl@elegantthemes.com,23.235.82.9,495-141-2931
455,Barton,Brugemann,bbrugemanncm@themeforest.net,165.230.162.209,594-882-9925
456,Cullin,Mattingley,cmattingleycn@free.fr,106.89.217.184,963-633-7968
457,Guntar,Rowlings,growlingsco@ycombinator.com,171.100.142.156,786-377-8948
458,Damon,Karlolczak,dkarlolczakcp@ebay.co.uk,176.183.34.136,913-843-3888
459,Ev,Kiloh,ekilohcq@ucla.edu,128.212.69.1,727-831-9330
460,Anthe,Probbings,aprobbingscr@opera.com,15.93.57.253,965-371-9844
461,Esme,Attew,eattewcs@alibaba.com,254.56.81.152,832-255-7465
462,Keeley,Hicks,khicksct@sun.com,148.98.245.41,709-166-0251
463,Ogden,Varran,ovarrancu@live.com,45.169.19.164,939-494-3829
464,Phaidra,Whewell,pwhewellcv@spiegel.de,69.63.247.9,438-618-7913
465,Melosa,Pentelow,mpentelowcw@constantcontact.com,47.30.47.131,539-889-5371
466,Charlean,Wisker,cwiskercx@gnu.org,144.123.83.96,582-861-0159
467,Petunia,Dibbs,pdibbscy@blogs.com,104.119.109.199,786-783-2359
468,Guinevere,Janton,gjantoncz@ehow.com,212.106.14.208,907-362-3238
469,Garrott,Krysztowczyk,gkrysztowczykd0@barnesandnoble.com,87.184.36.169,713-388-7641
470,Bel,Starrs,bstarrsd1@themeforest.net,249.194.31.212,355-149-8956
471,Anissa,Finlaison,afinlaisond2@ustream.tv,4.159.148.219,713-219-8435
472,Jacklyn,Bott,jbottd3@4shared.com,41.9.238.57,329-940-7594
473,Claudio,Ickovits,cickovitsd4@intel.com,89.189.38.237,536-876-7948
474,Eldin,Scrafton,escraftond5@yandex.ru,215.72.90.235,193-412-2062
475,Diarmid,Plowright,dplowrightd6@rakuten.co.jp,199.240.13.122,252-217-8727
476,Gaylor,Jopson,gjopsond7@histats.com,217.144.32.72,385-254-2360
477,Lauri,Ebbitt,lebbittd8@discuz.net,25.14.17.43,375-698-2411
478,Dennis,Tudbald,dtudbaldd9@people.com.cn,124.103.93.78,518-247-9766
479,Diann,Lensch,dlenschda@ycombinator.com,84.6.37.244,951-660-1382
480,Beryle,Eve,bevedb@techcrunch.com,59.79.251.180,945-385-2799
481,Jecho,Bosence,jbosencedc@shutterfly.com,106.119.82.8,625-543-9990
482,Abigail,Nilges,anilgesdd@homestead.com,183.151.106.68,101-637-5740
483,Stavros,Bolsover,sbolsoverde@forbes.com,91.51.210.212,766-879-2704
484,Davis,Habbeshaw,dhabbeshawdf@prnewswire.com,1.15.121.88,627-857-1216
485,Quintina,Davidsen,qdavidsendg@eventbrite.com,78.7.15.58,325-482-7524
486,Ardenia,Risen,arisendh@spiegel.de,227.255.254.38,816-785-5548
487,Ardine,Gillhespy,agillhespydi@accuweather.com,40.251.56.3,972-801-9051
488,Jessalin,Rowlin,jrowlindj@washingtonpost.com,39.241.160.66,770-263-3880
489,Corrinne,Staries,cstariesdk@cocolog-nifty.com,127.98.88.74,525-827-7447
490,Brady,Furman,bfurmandl@cargocollective.com,222.41.125.94,206-932-5627
491,Rosabel,Minigo,rminigodm@utexas.edu,160.6.160.74,268-427-3019
492,Claudina,Cheshir,ccheshirdn@alibaba.com,49.44.4.194,158-337-9831
493,Deeanne,Goodnow,dgoodnowdo@blogspot.com,36.226.160.163,797-254-5906
494,Crysta,Meachan,cmeachandp@myspace.com,121.254.45.74,291-472-8377
495,Aldon,Scafe,ascafedq@icio.us,60.144.155.169,225-488-9261
496,Dyna,Hindmore,dhindmoredr@mtv.com,122.199.202.84,674-390-4176
497,Mellisa,Murch,mmurchds@cam.ac.uk,156.130.21.84,707-435-9981
498,Virgil,Dami,vdamidt@xrea.com,29.146.216.57,750-728-4785
499,Modestia,Kerry,mkerrydu@joomla.org,252.177.220.100,512-734-3644
500,Keene,Rawll,krawlldv@java.com,220.134.154.235,754-573-4958
501,Cicely,Biggam,cbiggamdw@businessweek.com,67.202.138.240,339-354-1517
502,Trudie,Muzzall,tmuzzalldx@nydailynews.com,98.121.18.160,548-969-8644
503,Ingaberg,Verring,iverringdy@addthis.com,0.37.211.21,290-627-6650
504,Stoddard,Stent,sstentdz@people.com.cn,62.226.119.2,695-746-8853
505,Gar,Bremner,gbremnere0@mail.ru,162.4.233.15,553-620-1328
506,Candace,Urridge,curridgee1@slate.com,225.54.216.110,751-922-6985
507,Jacquette,Haseley,jhaseleye2@google.pl,240.237.113.106,641-636-4801
508,Alysa,Ebenezer,aebenezere3@wp.com,253.180.38.45,785-366-1050
509,Hamish,MacColgan,hmaccolgane4@g.co,120.197.113.14,513-855-2236
510,Beulah,Stanborough,bstanboroughe5@live.com,160.180.215.140,628-109-9202
511,Micheal,Turle,mturlee6@skyrock.com,169.93.15.158,936-403-6869
512,Fernande,Rubrow,frubrowe7@mozilla.com,28.229.59.170,203-191-8435
513,Bradford,Tootal,btootale8@sun.com,124.77.162.21,351-904-5318
514,Fionna,Ruprechter,fruprechtere9@sun.com,180.231.4.198,301-632-9054
515,Brander,Fowler,bfowlerea@dedecms.com,5.229.111.92,903-305-7190
516,Gilda,Dowle,gdowleeb@pbs.org,248.55.94.68,748-944-2221
517,Deena,Mowling,dmowlingec@wiley.com,34.185.148.193,947-428-5805
518,Zaria,Crick,zcricked@globo.com,162.141.45.137,279-778-9380
519,Lacie,Trodler,ltrodleree@sphinn.com,135.45.115.144,684-508-5129
520,Doreen,Radband,dradbandef@ehow.com,65.73.249.52,136-227-2894
521,Rosetta,Carcass,rcarcasseg@merriam-webster.com,216.217.36.138,215-841-7300
522,Martguerita,Reyburn,mreyburneh@springer.com,229.213.175.111,300-607-0341
523,Ada,Garnam,agarnamei@vk.com,69.224.254.81,899-784-6604
524,Kipper,Klais,kklaisej@oakley.com,53.225.180.222,898-146-9931
525,Evania,Alderton,ealdertonek@bandcamp.com,20.81.206.16,559-189-3216
526,Mortie,Shillom,mshillomel@guardian.co.uk,236.69.64.145,428-628-9695
527,Cody,Beamond,cbeamondem@indiegogo.com,171.97.62.66,755-568-2054
528,Randy,Ormes,rormesen@opera.com,42.169.236.121,186-156-9689
529,Lesya,Sneddon,lsneddoneo@state.tx.us,242.71.194.10,639-188-7245
530,Elset,Allbut,eallbutep@miibeian.gov.cn,224.171.99.192,273-850-9866
531,Feliza,Calway,fcalwayeq@dagondesign.com,27.36.220.234,674-105-7136
532,Logan,Curnow,lcurnower@addtoany.com,39.116.255.231,706-640-5946
533,Beatrice,Lant,blantes@about.com,57.40.173.131,390-510-1581
534,Perceval,Oxton,poxtonet@vinaora.com,209.251.153.117,772-644-2978
535,Haily,De Anesy,hdeanesyeu@about.me,6.193.116.106,642-371-9544
536,Ronny,Fiske,rfiskeev@angelfire.com,230.67.118.198,884-994-8887
537,Emmet,Tiplady,etipladyew@chronoengine.com,47.109.106.18,621-207-2028
538,Eadie,Jertz,ejertzex@zimbio.com,69.63.117.131,699-168-5349
539,Rosetta,Hissett,rhissettey@ucla.edu,123.182.56.32,510-991-9687
540,Barny,Chirm,bchirmez@devhub.com,92.240.1.33,855-159-1281
541,Iolande,Keeves,ikeevesf0@tripadvisor.com,1.27.26.139,429-561-4050
542,Hal,Hartropp,hhartroppf1@g.co,35.28.29.82,217-939-0080
543,Joel,Prene,jprenef2@simplemachines.org,128.75.17.176,641-555-1945
544,Steffi,Baccus,sbaccusf3@nba.com,234.123.191.50,314-446-9565
545,Margi,Deme,mdemef4@blinklist.com,78.67.129.87,816-670-6641
546,Ibrahim,Storms,istormsf5@studiopress.com,222.198.216.74,633-286-3961
547,Gwennie,Jacobi,gjacobif6@businesswire.com,53.241.164.91,289-406-2916
548,Merl,Robillard,mrobillardf7@virginia.edu,45.189.60.248,351-108-9539
549,Ignacius,Stanistrete,istanistretef8@harvard.edu,97.155.130.154,121-520-3218
550,Katya,Bergen,kbergenf9@omniture.com,144.84.51.244,600-334-7176
551,Frank,Flanne,fflannefa@sbwire.com,102.183.33.120,278-995-9569
552,Darlleen,McCluin,dmccluinfb@earthlink.net,66.0.161.27,972-944-0972
553,Tessi,Girogetti,tgirogettifc@wikipedia.org,175.234.123.79,731-955-9921
554,Ferd,Stile,fstilefd@berkeley.edu,199.171.73.114,673-688-1329
555,Caz,Heyball,cheyballfe@example.com,204.156.146.181,846-417-3317
556,Theodoric,Arendt,tarendtff@about.com,167.158.67.57,330-605-3085
557,Cristy,Wand,cwandfg@opensource.org,231.7.124.174,939-532-3421
558,Garvy,Ciani,gcianifh@europa.eu,210.39.225.48,723-235-5903
559,Meghan,Motherwell,mmotherwellfi@wikispaces.com,242.125.25.120,826-532-6973
560,Yorker,Vida,yvidafj@seesaa.net,209.136.36.211,982-589-2182
561,Dunstan,McKenny,dmckennyfk@goo.gl,19.66.94.195,632-562-7582
562,Drucill,Spencer,dspencerfl@archive.org,44.24.244.224,318-582-6058
563,Lacie,Urwen,lurwenfm@goo.ne.jp,5.224.205.35,825-403-2798
564,Emili,Galsworthy,egalsworthyfn@uol.com.br,83.133.130.216,661-990-1847
565,Wynn,Dudley,wdudleyfo@timesonline.co.uk,48.207.60.8,870-729-4830
566,Gracia,Beckford,gbeckfordfp@howstuffworks.com,131.124.95.116,580-845-3354
567,Ainsley,Tokley,atokleyfq@nih.gov,212.221.138.225,778-180-4343
568,Hamil,Rounding,hroundingfr@theguardian.com,55.246.193.181,809-226-7404
569,Emmett,Polglaze,epolglazefs@hibu.com,149.152.35.131,472-872-7747
570,Arlee,Szwarc,aszwarcft@aboutads.info,151.101.141.139,572-270-8230
571,Retha,Broseman,rbrosemanfu@printfriendly.com,240.134.113.42,898-770-6517
572,Leeanne,Georgievski,lgeorgievskifv@com.com,225.212.43.237,251-188-0961
573,Barr,Drinkel,bdrinkelfw@cdbaby.com,94.225.56.43,935-716-9956
574,Denver,Gearing,dgearingfx@nhs.uk,152.75.25.98,303-417-7896
575,Alexia,Steynor,asteynorfy@telegraph.co.uk,4.191.159.248,295-408-2076
576,Bird,Finci,bfincifz@wiley.com,65.70.216.7,210-606-1103
577,Minda,Milington,mmilingtong0@oakley.com,78.199.221.49,286-670-6533
578,Helga,Caldera,hcalderag1@list-manage.com,21.49.182.114,227-473-3349
579,Amble,Jovicevic,ajovicevicg2@goo.gl,21.85.203.102,478-286-7207
580,Arnold,Fullerd,afullerdg3@army.mil,228.210.115.35,740-404-0219
581,Nikolai,Fergyson,nfergysong4@51.la,4.243.92.216,307-468-9027
582,Aurelie,Smurthwaite,asmurthwaiteg5@cnet.com,248.168.11.246,175-439-3699
583,Deeyn,Hodge,dhodgeg6@mozilla.org,99.196.47.163,618-560-6999
584,Ricoriki,Ertelt,rerteltg7@oaic.gov.au,100.0.32.191,519-821-8121
585,Anette,Nichols,anicholsg8@yolasite.com,149.237.113.29,783-745-7390
586,Jeanine,Sandry,jsandryg9@woothemes.com,174.17.238.195,433-810-8056
587,Dore,Browncey,dbrownceyga@rakuten.co.jp,128.141.94.59,712-597-6726
588,Mersey,Nowell,mnowellgb@vimeo.com,166.116.51.165,255-409-2125
589,Markus,Abbet,mabbetgc@acquirethisname.com,130.255.184.95,725-171-5419
590,Skelly,Bourdis,sbourdisgd@yandex.ru,210.118.170.91,249-448-2105
591,Lauren,Berriball,lberriballge@time.com,165.117.187.143,827-359-7712
592,Even,Raund,eraundgf@springer.com,0.209.59.121,358-973-4609
593,Jesse,Culvey,jculveygg@twitter.com,76.7.218.251,481-802-3339
594,Salim,Postle,spostlegh@xing.com,176.86.31.111,431-719-9833
595,Darelle,Nobles,dnoblesgi@smh.com.au,189.156.74.242,111-853-7039
596,Ramsey,Arbuckle,rarbucklegj@miibeian.gov.cn,40.179.122.155,969-160-4438
597,Kippar,Yurlov,kyurlovgk@dailymotion.com,136.187.18.82,486-109-1881
598,Giles,Huxster,ghuxstergl@canalblog.com,40.131.213.148,155-543-0771
599,Welch,Stark,wstarkgm@mlb.com,131.196.31.55,202-290-7252
600,Casandra,Gallichiccio,cgallichicciogn@mysql.com,140.227.0.5,189-407-5827
601,Malorie,Bletso,mbletsogo@spiegel.de,172.183.205.89,887-353-2731
602,Chilton,Banghe,cbanghegp@uiuc.edu,0.115.249.177,838-224-7848
603,Shelbi,Frodsham,sfrodshamgq@aol.com,109.251.10.43,317-554-4978
604,Cate,Phython,cphythongr@europa.eu,31.137.198.65,193-768-7978
605,Willa,McNickle,wmcnicklegs@globo.com,253.132.244.212,522-515-7572
606,Reese,Macek,rmacekgt@mac.com,111.134.135.117,718-793-7542
607,Candie,Farnes,cfarnesgu@1und1.de,152.29.11.135,565-768-4894
608,Rochelle,Fozard,rfozardgv@dagondesign.com,130.24.134.139,621-807-5781
609,Jory,Knappitt,jknappittgw@zimbio.com,43.104.45.217,619-142-9151
610,Martainn,Greenard,mgreenardgx@buzzfeed.com,163.208.127.67,785-550-4344
611,Mill,Bedow,mbedowgy@t-online.de,31.64.128.104,236-815-4642
612,Wat,Lias,wliasgz@oakley.com,11.195.216.208,926-288-0899
613,Lynnette,Veschi,lveschih0@addthis.com,122.72.10.65,792-332-7651
614,Valentina,Staveley,vstaveleyh1@scientificamerican.com,49.149.32.177,831-798-7314
615,Orazio,Sieghard,osieghardh2@alexa.com,138.137.167.247,397-223-1388
616,Ardyce,Hammand,ahammandh3@abc.net.au,189.224.245.34,529-826-3971
617,Gustaf,Le Merchant,glemerchanth4@skyrock.com,102.217.89.177,235-196-5162
618,Arabel,Manilove,amaniloveh5@icio.us,249.95.244.86,693-322-1585
619,Glen,Hellikes,ghellikesh6@ameblo.jp,171.229.51.140,600-430-3807
620,Jesse,Cains,jcainsh7@chronoengine.com,66.230.206.250,564-317-9589
621,Rosmunda,Budnk,rbudnkh8@sitemeter.com,82.5.125.241,647-384-3448
622,Arel,Braunds,abraundsh9@msu.edu,236.112.91.143,466-221-7308
623,Marlie,Atheis,matheisha@salon.com,26.43.191.226,925-132-7095
624,Micaela,Hardisty,mhardistyhb@desdev.cn,236.146.94.24,624-943-4428
625,Barbara-anne,Bosma,bbosmahc@ca.gov,77.83.196.151,692-107-8242
626,Yelena,Rapinett,yrapinetthd@ning.com,123.3.245.102,665-687-3383
627,Stefano,Longhorn,slonghornhe@ycombinator.com,87.49.73.61,362-474-0480
628,Jayne,Geldert,jgelderthf@globo.com,107.202.89.38,206-577-2836
629,Aaron,Boldry,aboldryhg@eepurl.com,242.102.161.158,978-765-1628
630,Benedikta,Randle,brandlehh@woothemes.com,215.248.18.164,917-751-2932
631,Parke,Melhuish,pmelhuishhi@sina.com.cn,221.1.78.107,572-852-3177
632,Eloisa,Durnford,edurnfordhj@is.gd,100.62.188.159,265-812-0634
633,Mirilla,Daoust,mdaousthk@123-reg.co.uk,222.136.200.68,355-595-4490
634,Ulric,Magowan,umagowanhl@sourceforge.net,65.63.78.142,518-532-2266
635,Christophorus,Wadley,cwadleyhm@ed.gov,180.183.252.105,443-263-3622
636,Guillema,Haithwaite,ghaithwaitehn@paypal.com,183.180.233.214,164-676-1671
637,Nobie,Northrop,nnorthropho@cisco.com,113.138.59.50,208-975-0637
638,Johnathon,Cannan,jcannanhp@xing.com,45.76.156.237,742-344-9369
639,Jacquelynn,Mundee,jmundeehq@netlog.com,139.11.81.194,329-465-4659
640,Orly,D'Onisi,odonisihr@purevolume.com,53.41.235.6,988-541-6028
641,Brodie,Calton,bcaltonhs@psu.edu,67.104.46.130,335-985-1737
642,Renate,Kemme,rkemmeht@over-blog.com,5.199.11.48,199-590-1156
643,Leonid,Sleightholm,lsleightholmhu@purevolume.com,28.174.16.245,820-612-0926
644,Fanchette,Blannin,fblanninhv@ucsd.edu,36.38.67.204,838-348-2649
645,Dwain,Thunnercliff,dthunnercliffhw@prweb.com,228.192.251.55,433-729-7333
646,Miller,Faulder,mfaulderhx@chron.com,14.124.79.213,801-117-1612
647,Willy,Grimsdith,wgrimsdithhy@cloudflare.com,230.123.143.56,319-814-3677
648,Gilbertina,Koppelmann,gkoppelmannhz@businessinsider.com,196.1.6.183,152-767-4285
649,Charin,Brehault,cbrehaulti0@prlog.org,219.230.224.54,535-632-7655
650,Selig,Franzetti,sfranzettii1@mashable.com,202.240.54.222,957-205-5669
651,Claribel,Francey,cfranceyi2@slate.com,215.33.233.130,590-168-7892
652,Pet,Rolingson,prolingsoni3@booking.com,214.61.16.21,206-232-3351
653,Niki,Rapp,nrappi4@miibeian.gov.cn,63.20.251.132,341-239-4732
654,Ruprecht,Waltering,rwalteringi5@alibaba.com,82.248.218.161,266-154-1618
655,Hi,Childs,hchildsi6@reverbnation.com,142.239.30.0,372-606-2983
656,Trevar,Izkovici,tizkovicii7@soundcloud.com,108.77.103.163,711-603-8611
657,Dal,Goodboddy,dgoodboddyi8@g.co,30.53.50.234,380-777-7962
658,Joyce,Moreman,jmoremani9@jugem.jp,72.28.30.40,577-572-9012
659,Herschel,Mouget,hmougetia@businessinsider.com,41.133.24.238,475-269-6394
660,Derk,McCreadie,dmccreadieib@theguardian.com,142.187.38.108,556-561-5885
661,Adolf,Witherby,awitherbyic@macromedia.com,29.195.76.122,683-206-5893
662,Dannie,Mitie,dmitieid@cbc.ca,89.45.252.184,492-683-0645
663,Susie,Franca,sfrancaie@desdev.cn,44.63.57.220,606-260-9224
664,Camilla,Spur,cspurif@cbc.ca,25.173.169.132,458-739-7372
665,Aggi,Chantrell,achantrellig@uol.com.br,56.203.190.80,199-191-9151
666,Lulita,Stamp,lstampih@ocn.ne.jp,109.216.59.255,744-612-0619
667,Denni,Twede,dtwedeii@hubpages.com,175.115.227.93,888-979-5334
668,Way,Kingston,wkingstonij@ibm.com,53.149.61.199,915-868-9943
669,Debby,Jermey,djermeyik@amazon.com,19.216.63.22,500-245-3066
670,Georgine,Macknish,gmacknishil@icio.us,212.121.244.30,276-623-2067
671,Gerda,Dinjes,gdinjesim@nih.gov,1.179.92.180,524-839-6437
672,Millicent,Seager,mseagerin@opera.com,144.150.249.32,349-464-7432
673,Nickey,Lannen,nlannenio@ca.gov,207.240.9.150,593-614-7678
674,Adolphus,Branson,abransonip@acquirethisname.com,40.210.230.131,593-414-3822
675,Florian,Benois,fbenoisiq@networksolutions.com,187.85.49.51,209-417-8198
676,Catina,Hourigan,chouriganir@tmall.com,153.10.128.236,149-972-7487
677,Philomena,Annatt,pannattis@usa.gov,15.171.159.5,935-864-0948
678,Jdavie,Hurley,jhurleyit@hud.gov,23.244.206.8,981-550-8505
679,Viole,Saenz,vsaenziu@macromedia.com,97.135.145.243,842-292-0191
680,Brose,Hastin,bhastiniv@theatlantic.com,188.236.50.149,773-857-9736
681,Olympie,Pinwill,opinwilliw@squarespace.com,204.78.77.75,942-810-2556
682,Ruthi,Brushfield,rbrushfieldix@myspace.com,120.141.107.203,892-793-6985
683,Amberly,McCreery,amccreeryiy@nydailynews.com,49.109.51.174,534-441-3882
684,Berti,Rulten,brulteniz@archive.org,26.48.47.52,143-202-4645
685,Harv,Field,hfieldj0@netlog.com,37.225.112.145,545-897-4427
686,Erie,Burfoot,eburfootj1@seesaa.net,69.41.53.0,646-169-0047
687,Melly,Tearny,mtearnyj2@liveinternet.ru,131.192.32.239,530-857-3262
688,Blaine,Hassell,bhassellj3@independent.co.uk,33.118.137.238,939-704-9865
689,Ware,Willwood,wwillwoodj4@photobucket.com,1.18.239.241,414-446-8568
690,Clarie,Daville,cdavillej5@scientificamerican.com,171.109.63.49,478-851-7829
691,Quentin,Gianni,qgiannij6@google.com.hk,0.78.240.154,963-405-7128
692,Graehme,Piddlesden,gpiddlesdenj7@delicious.com,98.215.215.105,991-550-2146
693,Kirsti,Vokes,kvokesj8@google.cn,174.228.30.165,753-208-6193
694,Eryn,Mongeot,emongeotj9@newsvine.com,138.94.34.142,356-194-9839
695,Andie,Domb,adombja@ebay.co.uk,95.172.130.156,402-758-1624
696,Ezmeralda,Bakey,ebakeyjb@people.com.cn,53.213.182.36,826-552-6076
697,Onfre,Figura,ofigurajc@globo.com,186.149.8.175,629-553-1811
698,Ahmed,Jeaves,ajeavesjd@ted.com,36.130.138.101,227-587-5463
699,Karlotta,Mugford,kmugfordje@wunderground.com,39.111.99.114,317-816-4557
700,Margareta,Vaskin,mvaskinjf@barnesandnoble.com,148.67.35.85,855-863-7184
701,Cary,Eborall,ceboralljg@1und1.de,11.43.86.8,147-403-9387
702,Sebastien,Castanares,scastanaresjh@weather.com,178.82.185.189,375-793-5167
703,Rochester,Earle,rearleji@nationalgeographic.com,54.90.112.16,239-701-0670
704,Rice,Kobes,rkobesjj@meetup.com,114.45.146.255,671-172-3901
705,Giacopo,Losel,gloseljk@redcross.org,108.197.229.217,390-932-6227
706,Ranique,Cornbill,rcornbilljl@hexun.com,1.137.159.171,932-997-6712
707,Ben,Counter,bcounterjm@networksolutions.com,182.5.242.96,839-312-2697
708,Cort,Ouslem,couslemjn@yandex.ru,49.251.252.119,804-109-7319
709,Roze,Iashvili,riashvilijo@de.vu,41.158.124.214,771-202-3646
710,Elwood,Ascough,eascoughjp@ihg.com,65.46.220.69,721-981-8836
711,Barty,Edelman,bedelmanjq@bing.com,222.12.38.243,596-391-9403
712,Graig,Findlater,gfindlaterjr@wired.com,15.93.74.131,173-949-7844
713,Hilary,Semered,hsemeredjs@wisc.edu,106.114.58.58,370-525-4273
714,Claiborn,Hoggetts,choggettsjt@gov.uk,39.185.108.150,863-355-8996
715,Hakim,Errichiello,herrichielloju@wired.com,131.175.200.156,512-775-5664
716,Georgie,Flaws,gflawsjv@technorati.com,8.12.0.19,636-660-0670
717,Rodrigo,Brighty,rbrightyjw@xing.com,43.203.236.57,874-330-6312
718,Clay,Stolte,cstoltejx@hhs.gov,116.174.101.155,119-947-1507
719,Cordy,Longrigg,clongriggjy@goodreads.com,132.64.211.246,253-308-8113
720,Spike,Vittle,svittlejz@huffingtonpost.com,170.237.190.110,183-151-2579
721,Giusto,Bolus,gbolusk0@china.com.cn,79.85.82.1,653-322-6548
722,Avis,Tapping,atappingk1@amazon.co.uk,202.157.48.6,169-272-1089
723,Reggis,Molloy,rmolloyk2@nationalgeographic.com,194.59.23.100,311-952-9834
724,Vin,Deetlefs,vdeetlefsk3@berkeley.edu,219.189.68.70,889-381-8402
725,Winnifred,Blondel,wblondelk4@va.gov,160.219.154.198,502-850-6783
726,Dannye,Bevis,dbevisk5@amazon.de,19.232.61.26,918-282-6110
727,Chantal,Grimston,cgrimstonk6@youtu.be,86.3.195.192,697-839-8017
728,Shelia,Ruprich,sruprichk7@google.de,21.74.116.49,165-122-4117
729,Heather,Ashborn,hashbornk8@virginia.edu,177.220.28.23,595-598-0666
730,Thelma,Tryme,ttrymek9@amazon.co.uk,193.80.170.191,266-380-3495
731,Greg,Stonelake,gstonelakeka@ftc.gov,63.63.238.179,376-589-8830
732,Tamara,Exposito,texpositokb@yelp.com,141.185.116.130,549-246-2949
733,Des,Conniam,dconniamkc@cocolog-nifty.com,222.138.183.217,706-316-3260
734,Livvie,Saban,lsabankd@virginia.edu,97.213.120.40,247-195-8420
735,Rosalynd,Langtree,rlangtreeke@purevolume.com,107.159.124.255,235-411-0615
736,Merrili,Goforth,mgoforthkf@xing.com,224.222.219.7,374-588-3709
737,Ellie,Ramelet,erameletkg@dot.gov,255.191.39.7,480-286-9544
738,Una,Britian,ubritiankh@hubpages.com,129.129.159.21,367-716-3709
739,Ailis,Critchard,acritchardki@biblegateway.com,246.156.197.192,283-115-6833
740,Ossie,Carrabott,ocarrabottkj@mozilla.org,247.83.115.128,382-773-0522
741,Val,Cashman,vcashmankk@toplist.cz,11.198.75.192,331-821-1896
742,Whitaker,Rowter,wrowterkl@skype.com,144.156.252.208,247-817-2312
743,Dennis,Sowerbutts,dsowerbuttskm@boston.com,208.89.124.103,285-545-6534
744,Serge,Gecks,sgeckskn@google.com,149.174.53.42,995-393-8170
745,Rolando,Swalough,rswaloughko@npr.org,22.215.202.52,164-856-7336
746,Kippar,Brennon,kbrennonkp@bigcartel.com,135.15.161.192,419-922-7454
747,Nora,Garnall,ngarnallkq@technorati.com,60.62.165.255,296-971-0480
748,Karrah,Drohun,kdrohunkr@trellian.com,172.100.149.148,394-530-9027
749,Maridel,Alleyne,malleyneks@google.pl,179.146.170.203,650-130-8791
750,Othella,Beltzner,obeltznerkt@wisc.edu,161.6.21.206,351-953-8521
751,Esma,Gornall,egornallku@pbs.org,130.217.227.158,135-581-6258
752,Konrad,Bortoluzzi,kbortoluzzikv@odnoklassniki.ru,244.95.115.173,952-204-8415
753,Alida,Berzon,aberzonkw@xinhuanet.com,47.154.17.32,349-381-4383
754,Simonette,Lattie,slattiekx@ovh.net,200.113.11.54,676-600-6474
755,Conrade,Pre,cpreky@flickr.com,163.89.236.104,426-490-2406
756,Elinore,Jessope,ejessopekz@e-recht24.de,60.145.195.181,942-377-3548
757,Mahmoud,Greest,mgreestl0@posterous.com,142.242.62.63,983-228-8075
758,Winston,Rubury,wruburyl1@github.io,5.179.95.252,133-442-3934
759,Denver,Spurge,dspurgel2@patch.com,150.25.43.72,577-830-7122
760,Kris,Hinz,khinzl3@indiegogo.com,7.16.34.0,324-232-8592
761,Burnard,Filipowicz,bfilipowiczl4@umich.edu,208.110.135.72,609-976-9632
762,Mortimer,Bartolomeu,mbartolomeul5@godaddy.com,6.104.71.216,602-991-6376
763,Maressa,Donkersley,mdonkersleyl6@goo.gl,107.158.202.222,551-846-9941
764,Roxy,Domb,rdombl7@skyrock.com,179.117.77.123,897-113-2689
765,Dniren,Petrushkevich,dpetrushkevichl8@mac.com,218.134.142.189,479-846-5277
766,Cecilia,Summerill,csummerilll9@indiegogo.com,115.74.153.234,912-414-3255
767,Cornelius,Bullock,cbullockla@umn.edu,165.195.60.90,777-917-5198
768,Fair,Longbone,flongbonelb@hc360.com,160.111.203.101,774-870-8739
769,Hayes,Sheeres,hsheereslc@sakura.ne.jp,120.161.135.153,652-570-1517
770,Dominic,Poxon,dpoxonld@fc2.com,254.209.209.11,350-338-1409
771,Biron,Royans,broyansle@mashable.com,159.56.28.170,899-685-6682
772,Addy,Lambole,alambolelf@mediafire.com,39.87.73.90,185-211-4883
773,Sapphira,Antusch,santuschlg@google.nl,229.178.121.24,337-254-1525
774,Arvy,Gamwell,agamwelllh@craigslist.org,40.158.163.232,259-406-7653
775,Tallie,Westphalen,twestphalenli@uol.com.br,19.172.131.146,730-903-0114
776,Andee,Strauss,astrausslj@sfgate.com,58.43.228.6,600-169-0203
777,Yardley,Nan Carrow,ynancarrowlk@ow.ly,125.28.135.202,370-524-7348
778,Reeva,Martynka,rmartynkall@dyndns.org,167.245.220.148,699-691-4765
779,Anne-marie,De Mars,ademarslm@nhs.uk,194.44.212.230,916-742-2758
780,Isahella,Antat,iantatln@digg.com,205.226.55.176,630-148-1248
781,Kassie,Waulker,kwaulkerlo@yandex.ru,51.65.249.97,598-163-0754
782,Russell,Sigars,rsigarslp@tinypic.com,215.168.241.106,430-116-1794
783,Duffy,Cawthra,dcawthralq@histats.com,222.121.171.18,266-796-4992
784,Daniela,Aldersey,dalderseylr@house.gov,136.127.140.189,730-748-5349
785,Paula,Fairhead,pfairheadls@un.org,134.114.3.8,921-507-0742
786,Janna,Kunert,jkunertlt@canalblog.com,249.127.153.163,461-726-1841
787,Basilio,Bassindale,bbassindalelu@mayoclinic.com,142.14.185.186,505-705-5775
788,Maryanne,MacUchadair,mmacuchadairlv@shareasale.com,14.209.41.33,881-566-9574
789,Freeland,Oates,foateslw@zdnet.com,251.190.220.81,593-797-3446
790,Angel,Jouannin,ajouanninlx@nifty.com,39.185.57.211,236-845-6947
791,Hall,Smitheman,hsmithemanly@arizona.edu,81.145.99.173,410-165-5696
792,Bebe,Roddie,broddielz@marriott.com,51.139.29.171,285-458-8088
793,Yevette,Whybrow,ywhybrowm0@geocities.jp,118.125.22.140,682-302-9456
794,Hillier,Dannehl,hdannehlm1@list-manage.com,245.133.128.79,184-618-6834
795,Ann,Jagoe,ajagoem2@ed.gov,142.53.227.188,690-764-2696
796,Alard,Bastistini,abastistinim3@cnet.com,99.236.97.221,509-725-8714
797,Conroy,Djuricic,cdjuricicm4@merriam-webster.com,215.14.216.190,252-722-0539
798,Eleen,Dillingstone,edillingstonem5@ycombinator.com,98.100.161.52,478-518-6517
799,Thorin,Redfern,tredfernm6@etsy.com,231.178.252.220,958-803-5971
800,Bernardina,Caso,bcasom7@ifeng.com,167.116.86.99,663-797-8613
801,Rusty,Klimentyev,rklimentyevm8@ameblo.jp,181.151.189.195,406-357-2205
802,Naoma,Lindelof,nlindelofm9@marriott.com,183.62.89.23,442-754-0252
803,Esmaria,Trevaskiss,etrevaskissma@wiley.com,72.227.164.128,736-667-8718
804,Dasi,Pitkeathly,dpitkeathlymb@tumblr.com,125.123.9.252,860-987-7076
805,Renard,Kirley,rkirleymc@amazon.co.jp,65.59.142.29,930-100-7931
806,Agna,Baldocci,abaldoccimd@vk.com,121.101.107.44,818-214-4856
807,Allegra,Bilyard,abilyardme@posterous.com,215.18.83.76,143-210-2149
808,Ottilie,Sandwith,osandwithmf@jimdo.com,147.156.177.218,422-730-4910
809,Gabriel,Remirez,gremirezmg@xinhuanet.com,202.57.120.68,425-909-6067
810,Marja,Swanwick,mswanwickmh@ycombinator.com,252.19.233.147,635-225-8260
811,Shoshana,Quilleash,squilleashmi@msu.edu,44.10.56.95,828-754-7267
812,Ansel,Davsley,adavsleymj@npr.org,91.186.31.61,943-467-0127
813,Gusella,Youell,gyouellmk@cdbaby.com,173.227.224.185,769-662-8672
814,Madelaine,Giannassi,mgiannassiml@linkedin.com,233.83.21.45,249-885-7039
815,Fanchette,Andriessen,fandriessenmm@earthlink.net,18.45.28.191,749-644-9980
816,Justinian,Fragino,jfraginomn@apple.com,33.235.142.51,600-687-7850
817,Crosby,Beakes,cbeakesmo@cyberchimps.com,221.156.38.14,718-549-2964
818,Ryann,Lebarree,rlebarreemp@nba.com,69.193.145.70,293-991-8144
819,Fanya,Wildsmith,fwildsmithmq@vk.com,146.118.230.194,356-447-4987
820,Johnette,McRorie,jmcroriemr@devhub.com,96.38.151.10,717-417-9351
821,Fitzgerald,MacCoughen,fmaccoughenms@constantcontact.com,66.81.102.6,493-689-7199
822,Enrico,Haley,ehaleymt@opensource.org,225.249.134.66,228-415-7767
823,Josephina,Focke,jfockemu@blogtalkradio.com,247.58.174.166,201-675-5216
824,Jerrie,Bogey,jbogeymv@plala.or.jp,193.80.163.248,673-155-1619
825,Lizzy,Backs,lbacksmw@mayoclinic.com,175.150.70.242,916-802-9510
826,Michail,Skeermor,mskeermormx@auda.org.au,229.241.192.186,624-265-9343
827,Emlyn,Drakes,edrakesmy@ovh.net,182.55.74.130,428-258-0490
828,Scarlett,Dollman,sdollmanmz@live.com,195.78.238.9,520-102-3657
829,Ilse,Stansfield,istansfieldn0@netlog.com,33.86.69.248,102-590-9158
830,Bobina,O'Cullinane,bocullinanen1@youku.com,200.79.177.174,615-816-4753
831,Leigh,Brim,lbrimn2@wordpress.org,226.154.124.132,425-836-0416
832,Harwell,Rehor,hrehorn3@squidoo.com,108.147.79.206,752-309-3371
833,Louisa,Spellecy,lspellecyn4@walmart.com,21.214.4.184,262-660-2367
834,Niel,Folker,nfolkern5@bloomberg.com,87.50.33.19,239-876-8678
835,Erie,Bemwell,ebemwelln6@etsy.com,185.15.157.211,579-542-5181
836,Britni,Karby,bkarbyn7@dropbox.com,143.138.214.135,566-502-1280
837,Zorana,Wenham,zwenhamn8@scribd.com,191.236.68.17,155-871-8046
838,Francis,O'Nion,fonionn9@cdc.gov,157.105.148.160,497-963-7566
839,Rodi,Hunting,rhuntingna@histats.com,152.155.162.54,327-324-4554
840,Hi,Paggitt,hpaggittnb@prnewswire.com,244.42.222.98,820-776-1442
841,Beverly,Knell,bknellnc@accuweather.com,174.153.172.173,488-416-2712
842,Jarrod,Petroulis,jpetroulisnd@php.net,166.220.55.11,876-886-1208
843,Vassily,Marciek,vmarciekne@blinklist.com,200.217.230.17,534-301-7361
844,Carmella,Collough,ccolloughnf@jimdo.com,152.40.98.128,342-971-3979
845,Cross,Cajkler,ccajklerng@wordpress.com,157.150.241.156,378-782-2046
846,Merwyn,McQuorkell,mmcquorkellnh@gnu.org,8.33.62.37,149-284-4390
847,Kettie,Larose,klaroseni@statcounter.com,83.68.114.76,708-934-3093
848,Arlin,Lawlie,alawlienj@istockphoto.com,82.241.241.63,385-857-9620
849,Giraud,Izen,gizennk@sciencedaily.com,27.228.69.75,832-996-0518
850,Jessie,Saltmarshe,jsaltmarshenl@simplemachines.org,33.26.197.0,583-433-8400
851,Saundra,Garbert,sgarbertnm@wordpress.com,38.40.172.204,797-472-7337
852,Teddy,Dingsdale,tdingsdalenn@nydailynews.com,39.148.102.212,569-840-1517
853,Christoper,Jeppe,cjeppeno@gmpg.org,43.194.251.25,998-404-7016
854,Ninon,Pyrah,npyrahnp@mapy.cz,22.81.192.197,161-298-1568
855,Raeann,Greenhill,rgreenhillnq@yelp.com,65.172.173.76,495-664-2829
856,Lula,O'Connel,loconnelnr@discuz.net,89.199.165.168,562-566-6976
857,Krissie,Cancellor,kcancellorns@jimdo.com,69.23.68.92,375-286-6511
858,Vonny,Clift,vcliftnt@nymag.com,111.152.255.135,181-508-1596
859,Winna,Durante,wdurantenu@google.nl,139.34.124.193,183-350-3950
860,Alessandra,Fitch,afitchnv@photobucket.com,21.63.39.167,571-919-1912
861,Nico,Winterburn,nwinterburnnw@technorati.com,211.44.57.51,437-188-1840
862,Halimeda,Mailey,hmaileynx@deliciousdays.com,150.65.105.40,435-835-7238
863,Bert,Iacoboni,biacoboniny@flavors.me,81.38.72.220,881-819-1978
864,Burnard,Sulland,bsullandnz@chron.com,101.79.157.44,382-317-1751
865,Gypsy,Solley,gsolleyo0@bloglovin.com,161.229.251.79,691-623-5180
866,Ninetta,Dennington,ndenningtono1@etsy.com,208.68.125.91,458-540-8943
867,Sadye,Moston,smostono2@reuters.com,175.253.143.92,830-293-5602
868,Petronille,Heavy,pheavyo3@goo.gl,134.92.5.253,138-484-2163
869,Maybelle,MacKereth,mmackeretho4@uol.com.br,222.56.26.208,785-579-9511
870,Gabriel,Gaveltone,ggaveltoneo5@sbwire.com,17.160.211.203,280-722-9022
871,Glen,Clash,gclasho6@addthis.com,147.191.20.108,894-260-5000
872,Clemmie,Dargie,cdargieo7@artisteer.com,33.199.15.2,192-241-3562
873,Indira,Creyke,icreykeo8@sbwire.com,90.198.117.102,645-213-8666
874,Lloyd,Draycott,ldraycotto9@squarespace.com,141.188.11.68,477-479-6844
875,Linnet,Vallender,lvallenderoa@instagram.com,128.235.92.98,741-509-1986
876,Nil,Dorian,ndorianob@dion.ne.jp,27.54.84.153,428-657-8957
877,Josepha,Riha,jrihaoc@chron.com,156.255.118.11,908-765-4269
878,Mathian,Sofe,msofeod@dailymail.co.uk,95.6.252.32,941-742-5690
879,Chick,McCluskey,cmccluskeyoe@nsw.gov.au,117.85.119.29,138-681-9769
880,Erastus,Merryfield,emerryfieldof@wiley.com,68.12.254.189,304-426-0664
881,Lucais,Nickels,lnickelsog@oaic.gov.au,158.224.175.9,783-575-3117
882,Linette,Treacy,ltreacyoh@goodreads.com,144.134.52.123,739-732-4209
883,Michelle,Lyttle,mlyttleoi@friendfeed.com,160.175.22.225,336-804-0464
884,Batsheva,Forsyde,bforsydeoj@foxnews.com,68.36.62.234,904-202-8058
885,Tania,Keuneke,tkeunekeok@google.com.hk,86.54.218.176,994-605-4966
886,Josi,Woodcroft,jwoodcroftol@cmu.edu,113.107.146.136,639-717-1491
887,Patric,Pirrone,ppirroneom@nationalgeographic.com,140.59.157.48,420-385-3940
888,Oneida,Kobes,okobeson@webnode.com,49.121.162.162,647-717-2876
889,Gilbertine,Hunstone,ghunstoneoo@vkontakte.ru,10.149.141.82,589-522-1547
890,Sheba,D'Errico,sderricoop@google.ru,24.60.28.124,406-867-4545
891,Rozanna,Kenion,rkenionoq@hubpages.com,64.203.142.18,789-512-7871
892,Dorothea,Shortt,dshorttor@instagram.com,129.251.129.221,391-939-9692
893,Sibeal,Blitzer,sblitzeros@dion.ne.jp,199.49.204.233,836-962-1874
894,Vicki,Calrow,vcalrowot@phpbb.com,140.41.176.14,915-898-2763
895,Brittaney,Mark,bmarkou@blogtalkradio.com,185.181.174.113,425-453-4336
896,Lil,Roskam,lroskamov@un.org,235.217.54.83,605-207-1000
897,Joana,Dulanty,jdulantyow@moonfruit.com,23.215.247.117,593-632-0111
898,Phelia,Guerner,pguernerox@delicious.com,185.177.144.58,342-221-6591
899,Rhetta,Moller,rmolleroy@dropbox.com,149.94.162.140,508-977-4201
900,Starlin,Danahar,sdanaharoz@umich.edu,253.117.105.171,965-731-2755
901,Gasper,MacCleod,gmaccleodp0@reverbnation.com,217.225.209.15,113-432-8685
902,Gonzalo,Lorryman,glorrymanp1@google.ru,163.201.203.170,407-865-6654
903,Maribelle,Littlecote,mlittlecotep2@eepurl.com,174.210.62.127,896-561-9338
904,Lacie,Westhoff,lwesthoffp3@deliciousdays.com,246.28.199.183,978-184-3919
905,Chere,Jehan,cjehanp4@wired.com,105.245.237.170,109-920-6131
906,Esra,Tamblingson,etamblingsonp5@bizjournals.com,106.92.82.237,663-622-3882
907,Taffy,Hanniger,thannigerp6@gnu.org,162.209.176.108,576-150-6865
908,Elnar,Abisetti,eabisettip7@wordpress.org,249.157.48.73,789-749-2737
909,Allayne,Alexandersson,aalexanderssonp8@4shared.com,141.19.180.208,476-325-5556
910,Mechelle,Collen,mcollenp9@flickr.com,193.197.229.147,487-818-8982
911,Callie,Farlow,cfarlowpa@drupal.org,52.64.15.5,126-700-8788
912,Sherman,O'Kuddyhy,sokuddyhypb@about.com,218.151.222.119,408-139-4103
913,Nicolle,Emmerson,nemmersonpc@discuz.net,40.169.28.224,894-661-1776
914,Annabell,Temperton,atempertonpd@storify.com,47.255.14.248,454-920-2188
915,Sebastian,Tosney,stosneype@cbsnews.com,179.239.120.222,622-937-1197
916,Nanete,McKeveney,nmckeveneypf@yale.edu,147.240.159.25,298-925-6025
917,Jacklin,Farryn,jfarrynpg@wordpress.com,104.163.44.196,773-310-6796
918,Sheila-kathryn,Kolodziejski,skolodziejskiph@buzzfeed.com,252.87.224.214,443-235-7922
919,Reagen,Kirvin,rkirvinpi@examiner.com,253.228.106.203,244-963-9886
920,Mozelle,McAusland,mmcauslandpj@thetimes.co.uk,244.83.85.170,680-555-3859
921,Raina,Piggot,rpiggotpk@linkedin.com,2.216.132.177,860-166-3943
922,Paton,Vicary,pvicarypl@salon.com,151.232.67.52,412-147-1626
923,Genna,Hitter,ghitterpm@who.int,180.156.131.34,454-226-5910
924,Kat,Kerridge,kkerridgepn@stumbleupon.com,191.153.153.97,891-219-7406
925,Jess,A'Barrow,jabarrowpo@dot.gov,73.77.62.63,998-835-0698
926,Renate,Cahani,rcahanipp@archive.org,223.138.246.89,645-546-0199
927,Gareth,Llywarch,gllywarchpq@accuweather.com,201.19.79.169,466-711-2898
928,Reine,Hazelby,rhazelbypr@nymag.com,48.143.88.62,242-597-6286
929,Michel,Smitton,msmittonps@twitter.com,99.254.180.225,495-280-5936
930,Doe,McFee,dmcfeept@phoca.cz,62.84.81.237,799-756-7979
931,Krispin,Culwen,kculwenpu@hibu.com,209.22.154.229,680-779-4043
932,Millisent,Birkett,mbirkettpv@youtu.be,128.208.95.101,111-465-9252
933,Nessa,Roberds,nroberdspw@nyu.edu,92.77.33.210,540-258-1224
934,Luca,Coulthurst,lcoulthurstpx@umn.edu,5.5.4.176,344-701-1265
935,Ferne,Campey,fcampeypy@wikispaces.com,229.236.152.94,257-755-2175
936,Katerina,Yegorkin,kyegorkinpz@cloudflare.com,32.82.71.128,739-116-5933
937,Mariel,Cardinal,mcardinalq0@istockphoto.com,193.70.164.217,931-650-9081
938,Jolyn,Bemlott,jbemlottq1@marketwatch.com,21.44.68.50,106-442-1979
939,Jodi,Stefanovic,jstefanovicq2@dagondesign.com,9.32.3.116,476-716-1937
940,Carolus,Mifflin,cmifflinq3@live.com,46.11.169.7,309-385-7323
941,Malchy,Joye,mjoyeq4@ifeng.com,246.112.128.219,621-917-8835
942,Dotti,Erickson,dericksonq5@sogou.com,101.199.197.85,736-102-9988
943,Anne-marie,Marjot,amarjotq6@tmall.com,65.228.216.121,822-258-4389
944,Keri,Crossfield,kcrossfieldq7@themeforest.net,70.108.49.241,560-462-7061
945,Even,Cominotti,ecominottiq8@usnews.com,105.56.217.152,770-482-1465
946,Forest,Tunstall,ftunstallq9@blog.com,202.171.163.124,942-849-1461
947,Remington,O'Teague,roteagueqa@tamu.edu,46.250.66.35,365-675-4415
948,Doll,Roddick,droddickqb@zdnet.com,242.2.16.239,694-652-2760
949,Ceil,Nafzger,cnafzgerqc@youku.com,50.97.192.163,206-250-8702
950,Casey,Verring,cverringqd@edublogs.org,147.93.212.164,651-664-5865
951,Ernestus,Erik,eerikqe@e-recht24.de,250.4.67.20,145-596-3741
952,Knox,Sandwith,ksandwithqf@furl.net,134.110.78.130,262-652-8095
953,Karina,Monsey,kmonseyqg@cbsnews.com,100.138.108.187,382-158-6507
954,Lindie,Bewick,lbewickqh@yale.edu,171.160.21.165,577-926-9114
955,Brear,Diamond,bdiamondqi@arstechnica.com,143.142.16.79,771-190-1228
956,Montague,Sute,msuteqj@spotify.com,94.100.92.152,717-411-4053
957,Lou,Kolakowski,lkolakowskiqk@vimeo.com,63.1.183.170,931-438-5962
958,Worden,Kildahl,wkildahlql@gizmodo.com,141.56.81.122,294-442-5010
959,Currie,Stegel,cstegelqm@exblog.jp,189.52.200.48,459-847-9583
960,Henka,Cockett,hcockettqn@hibu.com,174.127.58.165,208-883-5010
961,Sella,Wyant,swyantqo@sun.com,142.251.5.14,910-335-9172
962,Bogey,Esberger,besbergerqp@geocities.com,131.10.232.218,378-848-8339
963,Casey,Langan,clanganqq@fc2.com,228.165.253.184,959-313-9751
964,Granny,Trump,gtrumpqr@linkedin.com,242.128.184.163,397-986-3624
965,Barton,Dennidge,bdennidgeqs@uol.com.br,139.248.55.212,349-438-6413
966,Myrtia,Owenson,mowensonqt@phpbb.com,204.171.14.237,903-316-0382
967,Adelaida,Guerre,aguerrequ@histats.com,154.129.188.196,938-447-1111
968,Antonetta,Lendrem,alendremqv@networksolutions.com,102.208.71.69,990-384-2262
969,Tirrell,Yellowlee,tyellowleeqw@is.gd,166.130.214.82,108-291-0436
970,Steffi,Doeg,sdoegqx@archive.org,48.223.254.239,974-457-0930
971,Ceil,Gleaves,cgleavesqy@google.com,176.17.41.150,484-333-3226
972,Jarret,Crossan,jcrossanqz@dedecms.com,94.62.78.130,619-606-2319
973,Bonny,Balazin,bbalazinr0@vimeo.com,26.105.189.64,277-141-7486
974,Kacie,Forte,kforter1@instagram.com,0.13.184.224,567-138-9240
975,Beltran,Foxley,bfoxleyr2@nps.gov,86.174.154.201,263-777-5779
976,Shannen,Najara,snajarar3@livejournal.com,74.85.94.149,725-561-6524
977,Pat,Rubinowitz,prubinowitzr4@ca.gov,183.202.231.173,407-217-2777
978,Wain,Chatelet,wchateletr5@walmart.com,18.20.252.239,204-884-6707
979,Rolf,Glendza,rglendzar6@berkeley.edu,45.55.128.36,376-755-1469
980,Griz,Surpliss,gsurplissr7@ucoz.ru,177.110.93.26,728-743-7588
981,Adaline,Mioni,amionir8@bloglovin.com,53.232.141.129,112-217-2883
982,Adina,Harlock,aharlockr9@de.vu,5.105.16.54,497-114-7606
983,Mychal,Tresvina,mtresvinara@redcross.org,150.23.238.72,817-268-2447
984,Sharl,Martins,smartinsrb@umich.edu,54.27.126.194,936-807-7272
985,Melany,Sandeford,msandefordrc@columbia.edu,49.54.65.133,555-411-5173
986,Maddy,Bage,mbagerd@examiner.com,103.10.107.153,362-721-0868
987,Suzanne,Wybrew,swybrewre@wikimedia.org,100.50.215.210,747-254-3207
988,Wilhelmine,Grebert,wgrebertrf@google.ru,26.177.182.176,581-332-3541
989,Penelopa,Brunnen,pbrunnenrg@topsy.com,178.67.107.129,934-317-7458
990,Ame,Mazzia,amazziarh@ucoz.ru,167.175.204.223,129-365-2633
991,Anny,Adran,aadranri@auda.org.au,100.3.4.25,335-724-9412
992,Rowney,Sagerson,rsagersonrj@webs.com,145.169.100.103,642-507-7847
993,Denney,Ferson,dfersonrk@aboutads.info,166.217.36.204,599-375-5968
994,Melany,Tills,mtillsrl@xrea.com,3.193.137.85,705-683-9430
995,Margalit,Cheves,mchevesrm@slate.com,245.205.237.85,627-678-8906
996,Leupold,Stephenson,lstephensonrn@yahoo.com,103.237.148.118,329-474-1065
997,Alane,Drain,adrainro@google.com,97.68.110.19,454-118-5869
998,Billy,Purcell,bpurcellrp@example.com,80.23.132.196,859-822-6733
999,Vevay,Rive,vriverq@skype.com,60.120.109.189,394-701-7006
1000,Sukey,Booy,sbooyrr@bandcamp.com,29.176.58.175,927-908-6548
